"date","tags","title","cover","summary","pdf","results"
"2021-02-03","Mecenas,Sem categoria","XIII Edital Mecenas do Ceará","http://editais.cultura.ce.gov.br/wp-content/uploads/sites/18/2021/02/WhatsApp-Image-2021-02-03-at-17.41.07.jpeg","O presente Edital tem como objeto a seleção de projetos artísticos e culturais passíveis de incentivo via renúncia fiscal, nos termos da Lei nº 13.811/2006 , do Decreto nº 28.442/2006 com atualizações dadas pelo Decreto 33.611/2020 e demais alterações, com execução prevista para o período compreendido entre 01 de maio de 2021 a 30 de abril de 2021.
ATENÇÃO:
° Todos os proponentes devem atualizar seu cadastro no Mapa Cultural do Ceará, antes de prosseguir com o preenchimento desta ficha de inscrição, conforme estabelecido no 6.10.1 do Edital.
° É OBRIGATÓRIA a inserção e/ou atualização do currículo/portfólio do proponente pessoa física e pessoa jurídica para fins de atendimento do critério de capacidade técnica e para fins de cumprimento do item 6.8 do Edital.
° Os proponentes pessoa física e pessoa jurídica sem fins lucrativos deverão, obrigatoriamente, realizar o Cadastro Geral de Parceiros no Sistema de Convênios e Congêneres do Estado do Ceará E-Parcerias, por meio do endereço eletrônico e-parcerias.cge.ce.gov.br
° Para fins de inscrição de pessoa jurídica, faz-se necessário seguir as orientações do item 6.9 e seguintes do Edital, que trata da sua vinculação no Mapa Cultural do Ceará;
° Há a possibilidade de o proponente salvar o rascunho da inscrição e retomá-la posteriormente. Cumpre destacar, no entanto, que somente serão consideradas válidas as inscrições finalizadas até o horário e data limite estipulado neste Edital.
° Nos termos do item 11.7 e seguintes do Edital, passa a ser OBRIGATÓRIA a adoção de medidas de acessibilidade para todos os projetos aprovados (verificar as regras de acordo com o valor proposto).
° Em consonância com o item 6.15 do Edital, passa a constituir regra OBRIGATÓRIA para todos os projetos que captem valores iguais ou iguais ou superiores a R$ 100.000,00 (cem mil reais) a contratação de serviço de advocacia e de contabilidade.
° Os projetos de Patrimônio, Formação ou Circo Mambembe devem observar a documentação complementar de que trata o item 6.27 do Edital.
				
					
ACESSO RÁPIDO","https://mapacultural.secult.ce.gov.br/files/opportunity/2789/xiii_edital_mecenas_do_cearÁ.pdf","https://mapacultural.secult.ce.gov.br/files/opportunity/2789/resultado_final_da_fase_de_avalia%C3%A7%C3%A3o_e_sele%C3%A7%C3%A3o_de_proposta_-_xiii_edital_mecenas_do_cear%C3%A1.pdf"
"2020-03-05","Cultura Infância,Editais,Sem categoria","Edital Cultura Infância 2020","http://editais.cultura.ce.gov.br/wp-content/uploads/sites/18/2020/03/WhatsApp-Image-2020-03-04-at-15.13.50.jpeg","A Secretaria da Cultura do Estado do Ceará torna público o edital que regulamenta o processo de inscrição e seleção pública do ​EDITAL ​DE APOIO A PROJETOS DE CULTURA INFÂNCIA. 
O presente Edital contém 07 (sete) Anexos, incluindo proposta de Plano de Trabalho (Anexo I), Declaração de Compromisso e de Contrapartida (Anexo II), Formulário de Recurso (Anexo III), Ações de Acessibilidade (Anexo IV), Minutas dos Termos de Fomento e Cooperação Financeira (Anexo V), Carta de Anuência Pessoa Fìsica representando Coletivos (Anexo VI) e Ofício para Abertura de Processo (VII) como partes integrantes da seleção aqui regida. 
O presente edital é fundamentado na Lei nº 16.322, de 18 de setembro de 2017, que institui o Plano de Cultura Infância do Ceará, bem como na Constituição Federal de 1988, no ECA – Estatuto da Criança e do Adolescente ( Lei no 8.069, de 13 de julho de 1990), no Marco Legal da Primeira Infância (Lei nº 13.257, de 08 de março de 2016) e no Plano Nacional de Cultura (Lei no 12.343, de 02 de dezembro de 2010), que preconizam a necessidade de estabelecer uma política voltada ao desenvolvimento de ações culturais para a infância, de acordo com as seguintes premissas: 
a) Reconhecer as crianças como indivíduos autônomos, cidadãos e detentores de direitos, promovendo a infância como categoria social e cultural; b) Respeitar as peculiaridades das diferentes identidades e fases da infância e suas implicações culturais, educacionais, sociais e econômicas; c) Contribuir para o desenvolvimento integral da criança por meio da Cultura Infância, nos aspectos físico, mental, ético, estético, político, humano e social; d) Destacar a convivência familiar e comunitária por meio da Cultura Infância; e) Proporcionar às crianças experiências e interações estéticas, contemplando diferentes manifestações artísticas e culturais; f) Valorizar a diversidade cultural da infância cearense.
 
				
					Oficina Tira-Duvidas Presencial
				
					Oficina Tira-Duvidas – Online","https://mapacultural.secult.ce.gov.br/files/opportunity/1642/edital_cultura_infÂncia_-_2020_(2).pdf","https://mapacultural.secult.ce.gov.br/files/opportunity/1642/resultado_das_etapas_de_sele%C3%A7%C3%A3o_-_edital_cultura_e_inf%C3%A2ncia_2020_-_av-pre-hab.pdf"
"2021-11-19","2022,Carnaval,Ceará da Paixão","CHAMADA PÚBLICA PARA SELEÇÃO DO IV SEMINÁRIO DE FORMAÇÃO, AVALIAÇÃO E PLANEJAMENTO DO CICLO CARNAVALESCO DO CEARÁ E O IV SEMINÁRIO DE AVALIAÇÃO E PLANEJAMENTO CEARÁ DA PAIXÃO – 2022","http://editais.cultura.ce.gov.br/wp-content/uploads/sites/18/2021/11/WhatsApp-Image-2021-11-19-at-19.41.17.jpeg","A Secretaria da Cultura do Ceará (Secult Ceará) torna pública nesta sexta-feira, 19, para  conhecimento da sociedade, a Chamada Pública para a IV Formação, Monitoramento e Seminário de Avaliação do Ciclo Carnavalesco do Ceará  e IV Seminário de Avaliação e Planejamento Ceará da Paixão.
Com valor total de R$182.000,00 (cento e oitenta e dois mil reais), o edital  tem o objetivo de selecionar duas entidades de direito privado sem fins lucrativos para formalizar parceria com a Secult Ceará para acompanhar os selecionados no V Edital Ceará Ciclo Carnavalesco – 2022 e do XVI Edital Ceará da Paixão – 2022 .
O Chamamento busca garantir o acesso aos direitos culturais à população cearense, movimentar a economia criativa no setor e democratizar o acesso à cultura. 
Dos recursos para o Chamamento

         IV     Formação, Monitoramento e Seminário de Avaliação do Ciclo     Carnavalesco do Ceará no valor de R$  R$     100.000,00          
    IV     Seminário de Avaliação e Planejamento Ceará da Paixão     no valor de R$     82.000,00          

Esse chamamento é mais uma ação de democratização que integra a Política do Patrimônio Cultural Imaterial, e surge a partir da necessidade de se criar mais espaços de transmissão de saberes e fazeres entre gerações, neste caso, voltados para os Ciclos Carnavalesco e do Ciclo da Semana Santa. Através desta ação é possível realizar pesquisas e avaliações que nos permitem qualificar o fomento e planejar junto com a sociedade civil as próximas ações.
Como este chamamento tem objetivo de selecionar 2(duas) pessoas jurídicas de direito privado sem fins lucrativos, para firmar parceria com a SECULT/CE a legislação aplicável é a Lei 13.019/14 (MROSC), que determina as condições desse tipo de parceria.","","https://www.secult.ce.gov.br/2021/12/06/comunicado-cancelamento-da-chamada-publica-para-selecao-do-iv-seminario-de-formacao-avaliacao-e-planejamento-do-ciclo-carnavalesco-e-o-iv-seminario-de-avaliacao-e-planejamento-ceara-da-paixao/"
"2021-11-29","2022,Carnaval,Sem categoria","XV EDITAL CEARÁ CICLO CARNAVALESCO – 2022","http://editais.cultura.ce.gov.br/wp-content/uploads/sites/18/2021/11/WhatsApp-Image-2021-11-29-at-14.49.42-1-400x284.jpeg","A Secretaria da Cultura do Estado do Ceará (Secult Ceará) abre, nesta segunda-feira (29/11), as inscrições para o XV Edital Ceará Ciclo Carnavalesco – 2022. Esta é uma ação consolidada da política de Patrimônio Cultural para o fomento de bens, produtos e serviços relacionados às manifestações populares do Ciclo Carnavalesco das várias regiões do Estado do Ceará. As inscrições são online e gratuitas, pelo site de editais da Secult Ceará: www.editais.cultura.ce.gov.br. 
 
Na sua décima quinta edição, o Edital Ceará Ciclo Carnavalesco se constitui como uma ação continuada de fomento à  valorização de grupos e manifestações próprias do ciclo carnavalesco como, bailes/matinês, bandas de música, maracatus, afoxés, blocos, escolas de samba e cordões. 
 
Dessa forma, o Edital tem apoiado a preservação de vários grupos e manifestações da cultura tradicional popular, contribuindo de maneira efetiva na transmissão de saberes e fazeres entre gerações, estabelecendo sociabilidades entre mestres/mestras e aprendizes e na formação de novos brincantes, além de ampliar e democratizar o acesso a bens e serviços culturais para a população em geral.
As ações desta edição deverão ser  realizadas  de forma  presencial, virtual ou híbrida, respeitando os protocolos de segurança vigentes. Se no período Carnavalesco de 2022, que compreende os dias 01 a 02 de março, houver alguma determinação do Governo do Estado do Ceará que inviabilize a realização das ações previstas no formato presencial  contempladas por este edital, a SECULT/CE convocará os selecionados para ajustar a execução do projeto para o meio virtual. 
				
					
ACESSO RÁPIDO","https://mapacultural.secult.ce.gov.br/files/opportunity/3543/xv_edital_ceara_ciclo_carnavalesco_2022.pdf","https://mapacultural.secult.ce.gov.br/files/opportunity/3543/anexo_viii_dados_bancarios.odt"
"2019-01-03","2019,Carnaval,Editais","XIII Edital Carnaval do Ceará","http://editais.cultura.ce.gov.br/wp-content/uploads/sites/18/2019/01/WhatsApp-Image-2019-01-03-at-19.42.34.jpeg","Na sua décima terceira edição, o Edital  Carnaval do Ceará se constitui como uma ação continuada de fomento à manutenção e renovação de grupos e manifestações próprias do ciclo carnavalesco como agremiações carnavalescas, bandas de música, dentre outras expressões da cultura tradicional popular. Esse Edital se insere nas políticas de reconhecimento e promoção do patrimônio imaterial Cearense voltado para o ciclo carnavalesco presentes em todas as regiões e municípios do estado. Dessa forma, o Edital tem apoiado a preservação de vários grupos e expressões da cultura tradicional popular, contribuindo de maneira efetiva na transmissão de saberes e fazeres entre gerações, estabelecendo sociabilidades entre mestres e aprendizes e na formação de novos brincantes, além de ampliar e democratizar o acesso a bens e serviços culturais para o conjunto da população em geral.   
				
					
ACESSO RÁPIDO","http://mapa.cultura.ce.gov.br/files/opportunity/1326/xiii-edital-carnaval-do-ceara-2019.pdf","http://mapa.cultura.ce.gov.br/files/opportunity/1326/remanejamento_carnaval.pdf"
"2019-01-08","2019,Carnaval","Chamada Pública para Credenciamento de Pareceristas para o XIII Edital Carnaval do Ceará 2019","http://editais.cultura.ce.gov.br/wp-content/uploads/sites/18/2019/01/WhatsApp-Image-2019-01-08-at-13.01.08.jpeg","O Secretaria da Cultura do estado do Ceará, com fundamento nas disposições da Lei nº 13.811/2006, regulamentada pelo Decreto Nº 28.442/2006 e pelo Decreto Nº 31.871/2015; bem como com fulcro no caput do art. 25 da Lei Nº 8.666/93, torna pública a convocação de pareceristas técnicos para avaliação de projetos culturais inscritos no XIII Edital Carnaval do Ceará 2019 . Este procedimento será regido por este Edital e, subsidiariamente, pela Lei Nº 8.666/93.
O primeiro passo para inscrição neste edital é criar e/ou atualizar seus perfis de agente individual (Pessoa Física Proponente) por fim, você será direcionado para a ficha de inscrição para que possa cadastrar seu projeto.
Você pode salvar a sua inscrição como rascunho e continuá-la depois, mas vale lembrar que somente serão consideradas válidas as inscrições finalizadas até o horário estipulados neste Edital.
A Secult-CE disponibilizará suporte aos proponentes em dias úteis, das 8 às 17 horas, durante o período de inscrição, através do e-mail editalpareceristascarnaval@secult.ce.gov.br e dos telefones (85) 3101-6770/6765.
				
					
ACESSO RÁPIDO","http://mapa.cultura.ce.gov.br/files/opportunity/1327/chamada-pareceristas-carnaval-2019.pdf","https://mapacultural.secult.ce.gov.br/files/opportunity/1327/resultado-apos-recurso-edital-credenciamento-de-pareceristas-carnaval-do-ceara-2019-25-01-2019.pdf"
"2019-07-15","2019,Natal de Luz,Sem categoria","XVI Edital Ceará Ciclo Natalino 2019","http://editais.cultura.ce.gov.br/wp-content/uploads/sites/18/2019/07/Edital-Natal-de-Luz.jpeg","O XVI Edital Ceará Ciclo Natalino – 2019 é uma ação consolidada da política de Patrimônio Cultural para o fomento de bens, produtos e serviços relacionados às manifestações populares do ciclo natalino das várias regiões do Estado do Ceará.
				
					
ACESSO RÁPIDO","https://mapacultural.secult.ce.gov.br/files/opportunity/1498/xvi-edital-ceara-ciclo-natalino-2019.pdf","https://mapacultural.secult.ce.gov.br/files/opportunity/1574/processo_de_selecao_simplificada_para_pesquisadores_e_curadores.pdf"
"2019-08-27","2019,Eleições CEPC","Eleições CEPC – 2020/2022","http://editais.cultura.ce.gov.br/wp-content/uploads/sites/18/2019/08/WhatsApp-Image-2019-08-27-at-10.18.17.jpeg","O presente edital tem por objetivo a escolha dos membros temporários da sociedade civil representantes dos segmentos culturais para o Conselho Estadual de Política Cultural, sendo 1 (um) titular e 1 (um) suplente para cada um dos 19 (dezenove) segmentos integrantes do CEPC.
As inscrições para o credenciamento serão realizadas no período de 26 de agosto a 10 de outubro de 2019 até às 23h59 (vinte e três horas e cinquenta e nove minutos).O primeiro passo para inscrição neste edital é criar e/ou atualizar seu perfil de agente individual (Pessoa Física), depois você pode iniciar o preenchimento da ficha de inscrição para que você possa cadastrar.Para efeito de inscrição neste Edital, na apresentação do currículo e/ou portfólio, o candidato deve inserir em seu perfil no Mapa Cultural do Ceará, no campo de download, um ou mais arquivos contendo textos, fotos, vídeos, áudios, entre outros, que considere relevante para comprovar o seu percurso artístico ou/e experiência profissional na área cultural. Os anexos não podem passar o limite de 5 megabytes por arquivo.Você pode salvar a sua inscrição como rascunho e continuá-la depois, mas vale lembrar que somente serão consideradas válidas as inscrições finalizadas até o horário estipulados neste Edital. A Secult/CE disponibilizará atendimento aos candidatos(as) deste Edital somente em dias úteis, das 8 às 17 horas, durante o período de inscrição, através do endereço eletrônico (e-mail) eleicaocepc@secult.ce.gov.br e pelos telefones (85) 3101-6740 / 3101-6763.
A Secult/CE não se responsabilizará por congestionamento do sistema ou qualquer fato superveniente que impossibilite a inscrição até às 23h59 (vinte e três horas e cinquenta e nove minutos) do último dia de inscrição.Para realizar sua inscrição com maior segurança atentar-se ao item 4 e seus subitens do Edital.","https://mapacultural.secult.ce.gov.br/files/opportunity/1611/edital_de_convoca%C3%A7%C3%A3o_elei%C3%A7%C3%A3o_cepc-ce_(2020-2022)_versao_final_26.08.2019.pdf","//mapacultural.secult.ce.gov.br/files/opportunity/1506/lista_dos_candidatos_cepc_2019.pdf"
"2019-09-11","2019,Incentivo às Artes,Sem categoria","XII Edital Ceará de Incentivo às Artes","http://editais.cultura.ce.gov.br/wp-content/uploads/sites/18/2019/09/WhatsApp-Image-2019-09-11-at-16.02.54.jpeg","A Secretaria da Cultura do Estado do Ceará (Secult) lança o XII Edital Ceará de Incentivo às Artes contemplando 10 linguagens artísticas, para o apoio a 293 projetos provenientes de todo o Ceará. Essa nova edição do edital traz um investimento de R$ 7.129.744,00.
O XII Edital Ceará de Incentivo às Artes segue para conhecimento público entre os dias 11 de setembro e 11 de outubro, as inscrições estão abertas entre os dias 12 de outubro e 6 de novembro, são gratuitas e podem ser realizadas no site http://editais.cultura.ce.gov.br/. O Edital foi reajustado em 19% em relação à última edição.
Entre as novidades está a inserção da linguagem de Teatro de Bonecos, que conta com um edital específico, por meio do prêmio Pedro Boca Rica de Teatro de Bonecos. Além desta linguagem, o XII Edital Ceará de Incentivo às Artes é destinado a projetos de artes visuais, circo, dança, fotografia, humor, literatura, música, prêmio Alberto Nepomuceno, e teatro.
 
				
					
ACESSO RÁPIDO","https://mapacultural.secult.ce.gov.br/files/project/1662/xii_edital_ceara_de_incentivo_as_artes.pdf","https://mapacultural.secult.ce.gov.br/files/opportunity/1562/avalia%C3%87%C3%83o_e_sele%C3%87%C3%83o_da_proposta_-_result_prelim._artes_visuais_(2).pdf"
"2019-10-01","2019,Natal de Luz,Sem categoria","Edital XIV Mostra Estadual Ceará Ciclo Natalino 2019","http://editais.cultura.ce.gov.br/wp-content/uploads/sites/18/2019/10/WhatsApp-Image-2019-10-01-at-12.24.33.jpeg","O Edital XIV Mostra Estadual Ceará Ciclo Natalino – 2019 é uma ação da política dePatrimônio Cultural para o fomento de bens, produtos e serviços relacionados às manifestações populares do ciclo natalino das várias regiões do Estado do Ceará, com ênfase nos seguintes objetivos:a) Contribuir para a ampliação e o fortalecimento das políticas de patrimônio imaterial no Estadodo Ceará;b) Reconhecer, valorizar e promover os saberes e fazeres tradicionais da cultura cearense;c) Incentivar os processos da criação, formação e fruição das manifestações culturais popularestradicionais do ciclo natalino; ed) Inserir os festejos natalinos no circuito cultural e turístico do Ceará.
 
				
					
ACESSO RÁPIDO","https://mapacultural.secult.ce.gov.br/files/opportunity/1536/edital_xiv_mostra_estadual_ceara_ciclo_natalino_-_2019.pdf","https://mapacultural.secult.ce.gov.br/files/opportunity/1536/resultado_apos_recurso_mostra_estadual_....pdf"
"2018-08-08","2018,Natal de Luz","XV EDITAL CEARÁ NATAL DE LUZ – 2018","http://editais.cultura.ce.gov.br/wp-content/uploads/sites/18/2018/08/Natal-de-Luz-2018-provisoria-e1542124872452.jpeg","O XV Edital Ceará Natal de Luz – 2018 se insere nas políticas de Patrimônio Cultural para o fomento de bens, produtos e serviços vinculados às manifestações populares do ciclo natalino nas várias regiões do Estado do Ceará. A Secretaria da Cultura do Estado do Ceará, por meio do Secretário  da Cultura, no uso de suas atribuições legais, e considerando a Lei nº 16.026 de 01 de junho de 2016, que institui o Plano Estadual da Cultura, bem como as normas e princípios alicerçados na Constituição Federal de 1988; a Lei Estadual Nº 13.811, de 16 de Agosto de 2006, que institui o Sistema Estadual de Cultura (SIEC); a Lei n º 16.319, de 14 de agosto de 2017, que dispõe sobre as Diretrizes para a elaboração e execução da Lei Orçamentária para o exercício de 2018; o disposto na Lei Complementar nº 119, de 28 de dezembro de 2012, com as alterações trazidas pela lei complementar nº 178, de 10 de maio de 2018, que dispõe sobre as regras para a transferência de recursos financeiros pelos órgãos e entidades do Poder Executivo estadual por meio de convênios e instrumentos congêneres, bem como seus decretos regulamentadores; a Lei Federal nº 13.019, de 31 de julho de 2014, com suas alterações, que dispõe sobre o Marco Regulatório das Organizações da Sociedade Civil (MROSC) e estabelece o regime jurídico das parcerias entre a administração pública e as organizações da sociedade civil, em regime de mútua cooperação, para a consecução de finalidades de interesse público e recíproco e, no que couber, às demais legislações aplicadas à matéria, torna público o processo de inscrição e seleção pública que regulamenta o XV Edital Ceará Natal de Luz – 2018.","http://mapa.cultura.ce.gov.br/files/opportunity/1146/xv-edital-ceara-natal-de-luz%E2%80%932018.pdf","https://mapacultural.secult.ce.gov.br/oportunidade/1146/"
"2018-07-12","2018,Editais,Mestres do Mundo","Edital de Seleção do XII Encontro Mestres do Mundo – 2018","http://editais.cultura.ce.gov.br/wp-content/uploads/sites/18/2018/07/EDITAL-Mestre-da-Cultura5.jpg","EDITAL DE SELEÇÃO DO XII ENCONTRO MESTRES DO MUNDO – 2018
A Secretaria da Cultura do Estado do Ceará, por meio do Secretário  da Cultura, no uso de suas atribuições legais, e considerando a Lei Estadual Nº 13.842, de 27 de novembro de 2006, que institui o Registro dos “Tesouros Vivos da Cultura”no Estado do Ceará; a Lei nº 16.026 de 01 de junho de 2016, que institui o Plano Estadual da Cultura, bem como as normas e princípios alicerçados na Constituição Federal de 1988; a Lei Estadual Nº 13.811, de 16 de Agosto de 2006, que institui o Sistema Estadual de Cultura (SIEC); a Lei N º 16.319, de 14 de agosto de 2017, que dispõe sobre as Diretrizes para a elaboração e execução da Lei Orçamentária para o exercício de 2018; o disposto na Lei Complementar Nº 119, de 28 de dezembro de 2012, com as alterações trazidas pela Lei Complementar Nº 178, de 10 de maio de 2018, que dispõe sobre as regras para a transferência de recursos financeiros pelos órgãos e entidades do Poder Executivo estadual por meio de convênios e instrumentos congêneres, bem como seus decretos regulamentadores; a Lei Federal nº 13.019, de 31 de julho de 2014, com suas alterações, que dispõe sobre o Marco Regulatório das Organizações da Sociedade Civil (MROSC) e estabelece o regime jurídico das parcerias entre a administração pública e as organizações da sociedade civil, em regime de mútua cooperação, para a consecução de finalidades de interesse público e recíproco e, no que couber, às demais legislações aplicadas à matéria, torna público o edital que regulamenta o processo de chamamento e seleção pública de instituição parceira para a realização do XII Encontro Mestres do Mundo  2018.
O presente Edital contém 07 (sete) anexos, incluindo o Termo de Referência (Anexo I), Proposta (Anexo II), Plano de Trabalho (Anexo III), a Declaração de Compromisso e de Contrapartida (Anexo IV), o Formulário de Recurso (Anexo V), a Minuta do Termo de Colaboração (Anexo VI) e a Listagem dos “Tesouros Vivos da Cultura” do Estado do Ceará (Anexo VII)  como partes integrantes da seleção aqui regida.
				
					O edital conta com inscrições online, através da nova plataforma de Editais Digitais da Cultura. Totalmente integrada ao Mapa Cultural do Ceará, a plataforma de editais digitais garante transparência e celeridade aos processos de seleção de projetos culturais, facilitando e ampliando o acesso da população ao fomento, bem como auxiliando a sociedade e a gestão pública na preservação da memória e na sistematização dos dados e indicadores da Cultura.","http://mapa.cultura.ce.gov.br/files/opportunity/1091/edital-xii-encontro-mestres-do-mundo.pdf","http://mapa.cultura.ce.gov.br/files/opportunity/1091/resultado-final-encontro-mestres-do-mundo-18-09-2018.pdf"
"2018-09-12","2018,Editais,Natal de Luz","Chamada Pública para Credenciamento de Pareceristas do XV Edital Ceará Natal de Luz 2018","http://editais.cultura.ce.gov.br/wp-content/uploads/sites/18/2018/09/chamada-publica-natal-de-luz.jpg","O SECRETÁRIO DA CULTURA, no uso de suas atribuições legais, com fundamento nas disposições da Lei nº 13.811/2006, regulamentada pelo Decreto Nº 28.442/2006 e pelo Decreto Nº 31.871/2015; bem como com fulcro no caput do art. 25 da Lei Nº 8.666/93, torna pública a convocação de pareceristas técnicos para avaliação de projetos culturais inscritos no XV EDITAL CEARÁ NATAL DE LUZ 2018. Este procedimento será regido por este Edital e, subsidiariamente, pela Lei Nº 8.666/93.
O primeiro passo para inscrição neste edital é criar e/ou atualizar seu perfil de agente individual (Pessoa Física Proponente) por fim, você será direcionado para a ficha de inscrição para que possa cadastrar seu projeto.
Você pode salvar a sua inscrição como rascunho e continuá-la depois, mas vale lembrar que somente serão consideradas válidas as inscrições finalizadas até o horário estipulados neste Edital.
A Secult-CE disponibilizará suporte aos proponentes em dias úteis, das 8 às 17 horas, durante o período de inscrição, através do e-mail editalpareceristas@secult.ce.gov.br e dos telefones (85) 3101-6770/6765","http://mapa.cultura.ce.gov.br/files/opportunity/1243/chamada-pareceristas-ceara-natal-de-luz-2018.pdf","https://mapacultural.secult.ce.gov.br/files/opportunity/1243/resultado-final-edital-parecerista-natal-de-luz-24-10-2018.pdf"
"2018-12-08","2018,Editais","Prêmio Chico Albuquerque de Fotografia – Edição 2018","http://editais.cultura.ce.gov.br/wp-content/uploads/sites/18/2018/12/Prêmio-Chico-Albuqeruque.jpeg","O Prêmio Chico Albuquerque de Fotografia é uma ação de reconhecimento e promoção da produção cultural no campo da FOTOGRAFIA cearense e brasileira e constitui-se como uma iniciativa que se insere nas políticas de fomento às Artes Visuais, com ênfase no estímulo aos processos e ciclos de criação, produção, difusão, pesquisa e formação no campo da fotografia contemporânea.O referido Prêmio é uma homenagem ao fotógrafo brasileiro Chico Albuquerque (1917-2000) que nasceu no Ceará e tornou-se pioneiro na fotografia publicitária no País e um dos artistas mais inovadores de sua geração. Ao longo de uma trajetória de 68 anos dedicados à fotografia, consagrou-se como retratista de personalidades que marcaram a história brasileira. Dentre seus principais trabalhos, destaca-se o ensaio Mucuripe (1952) que retrata o cotidiano de jangadeiros do litoral cearense, revelando a profunda relação desses homens com o mar.  
O presente prêmio constitui-se no reconhecimento e no fomento da fotografia brasileira contemporânea, por meio da seleção e da difusão de 05 (cinco) ensaios autorais, dentre as propostas inscritas.
O Prêmio Chico Albuquerque de Fotografia é uma ação continuada da Secretaria da Cultura do Estado do Ceará com o intuito de reconhecer e premiar o trabalho de fotógrafos cearenses. A partir desta edição o Prêmio é voltado para todo o território brasileiro e  tem por um dos seus objetivos posicionar o Ceará como estado de referência no âmbito das políticas públicas para o desenvolvimento da fotografia brasileira contemporânea.","http://mapa.cultura.ce.gov.br/files/project/1379/premio-chico-albuquerque-de-fotografia-edicao-2018.pdf","https://mapacultural.secult.ce.gov.br/files/opportunity/1304/resultado_apos_recurso_da_avaliacao_e_selecao_-_edital_premio_chico_albuquerque_de_fotografia_-_edicao_2018.pdf"
"2018-12-19","2018,Editais,Sem categoria","Edital de Chamamento Público para a realização da Feira de Livros da XIII Bienal Internacional do Livro do Ceará","http://editais.cultura.ce.gov.br/wp-content/uploads/sites/18/2019/02/WhatsApp-Image-2019-02-04-at-17.57.05.jpeg","O edital da Secretaria da Cultura do Estado do Ceará (Secult) tem o objetivo de selecionar uma pessoa jurídica de direito privado, com fins econômicos, que celebrará Contrato com a Secult para disponibilização de estrutura, comercialização, montagem e desmontagem de estandes e gestão da Feira de Livros da XIII Bienal Internacional do Livro do Ceará 2019 conforme critérios e determinações expostos no Termo de Referência, anexo I. As inscrições estão abertas entre os dias 18 de dezembro e 11 de janeiro de 2019 e podem participar instituições situadas em qualquer uma das unidade da Federação.
A Feira de Livros compõe a XIII Bienal Internacional do Livro do Ceará que tem realização prevista de 19 a 28 de abril de 2019, e contempla em seus espaços estandes de comercialização de livros, estandes institucionais, praças de convivência, praças de alimentação, e demais espaços.
DAS INSCRIÇÕES
As inscrições serão gratuitas e podem ser realizadas no período de 18 de dezembro a 11 de janeiro de 2019, no horário de 08h às 12h e das 13h às 16h30m pelos Correios para o endereço da Secretaria da Cultura do Estado do Ceará (Rua Major Facundo, 500), com postagem até o último dia de inscrição. Podem apresentar proposta ao presente Edital de Chamamento Público somente pessoa jurídica com sede em uma das unidades federativas do território nacional.
				
					
ACESSO RÁPIDO","http://mapa.cultura.ce.gov.br/files/opportunity/1320/edital_feira_de_livros_da_xiii_bienal_do_livro_do_ceara.pdf","https://mapacultural.secult.ce.gov.br/files/opportunity/1320/chamamentopublicoparafeiradaxiiibienal-resultado-final.pdf"
"2019-01-02","2019,Editais","Edital de Chamada Pública para Realização do Programa de Formação em Artes Cênicas em Macrorregiões Culturais do Ceará","http://editais.cultura.ce.gov.br/wp-content/uploads/sites/18/2019/01/WhatsApp-Image-2018-12-27-at-15.09.55.jpeg","O Programa de Formação em Artes Cênicas em Macrorregiões Culturais do Ceará é um projeto que pretende contribuir com a democratização e a descentralização dos processos formativos das artes cênicas do Ceará, em nível avançado,possibilitando um fluxo formativo das artes cênicas aos municípios três macrorregiões do Vale do Jaguaribe, Vale do Acaraú e Metropolitana (Fortaleza), tendo como sede do percurso formativo as cidades de Russas, Sobral e Fortaleza.
1.2. A Lei Estadual nº 16.026, de 01 de junho de 2016, que institui o Plano Estadual da Cultura, coloca entre seus objetivos e competências do Poder Público a democratização do acesso à produção e à fruição da cultura, bem como a promoção da circulação de bens, serviços e conteúdos culturais.
1.3. O Programa de Formação em Artes Cênicas em Macrorregiões Culturais do Ceará, tem os seguintes objetivos:a) Fortalecer a política de formação para a área do Teatro;b) Desenvolver um Programa de Formação em Artes Cênicas de caráter avançado;c) Possibilitar o intercâmbio de saberes e fazeres entre profissionais, artistas, professores e pesquisadores das artes cênicas com professores mestres ou doutores em Artes Cênicas de Universidades brasileiras e estrangeiras;d) Promover formação profissional para atender às demandas de produção, pesquisa e difusão do Teatro no Estado do Ceará;e) Contribuir para a descentralização da formação em artes cênicas no Ceará;f) Ampliar a democratização do acesso a bens e serviços culturais no campo do Teatro;g) Contribuir para a formação de público.
				
					
ACESSO RÁPIDO","http://mapa.cultura.ce.gov.br/files/opportunity/1323/edital_programa_formacao_artes_cenicas.pdf","https://mapacultural.secult.ce.gov.br/files/opportunity/1323/edital-formacao-artes-cenicas-resultado-final.pdf"
"2018-05-30","2018,Editais","Edital Toda Banda de Música é uma Escola","http://editais.cultura.ce.gov.br/wp-content/uploads/sites/18/2018/07/Edital-banda-Escola-de-musica-sem-brasão.jpg","Toda Banda de Música é uma Escola
A Secretaria da Cultura do Estado do Ceará torna público o Edital que regulamenta o credenciamento de prefeituras municipais no projeto “Toda Banda de Música é uma Escola” como ação que fortalece as políticas no âmbito do Sistema Estadual de Bandas de Música do Ceará(SEBAM/CE)","http://mapa.cultura.ce.gov.br/files/opportunity/1027/edital_de_credenciamento_toda_banda_de_musica_e_uma_escola.pdf","https://mapacultural.secult.ce.gov.br/files/opportunity/1027/resultado-final-edital-toda-banda-de-musica-e-uma-escola.pdf"
"2018-06-05","2018,Editais","Convocatória de Projetos Porto Dragão","http://editais.cultura.ce.gov.br/wp-content/uploads/sites/18/2018/07/Convocatoria-porto-dragao-defeso-2.jpg","Convocatória de Projetos Porto Dragão
Esta Convocatória pretende oferecer ao público uma programação plural, ampliando as possibilidades de produção artística.","http://mapa.cultura.ce.gov.br/files/opportunity/1047/convocatoria-de-projetos-porto-dragao-2.pdf","http://mapa.cultura.ce.gov.br/files/opportunity/1047/resultadocategorias_convocatoriaportodragao.pdf"
"2018-06-06","2018,Editais","Formação e Seleção de Jurados e Presidentes de Mesa dos Festivais Regionais Ceará Junino 2018","http://editais.cultura.ce.gov.br/wp-content/uploads/sites/18/2018/07/seminario-ceara-junino-sem-marca.jpg","PERFIL BÁSICO DO JURADO:

O Jurado das etapas dos Festivais Regionais de Quadrilhas Juninas, do XX Edital Ceará Junino 2018, realizadas pela Secretaria da Cultura do Estado do Ceará, é o profissional da cultura capacitado na Formação de Jurados e aprovado no seu processo seletivo para realizar a avaliação dos grupos juninos nestas competições. O serviço prestado pelo Jurado não constitui, em qualquer hipótese, vínculo empregatício com a instituição.
O candidato para participar da formação de jurado, obrigatoriamente deve possuir as seguintes características:
● Ter no mínimo 18 anos de idade;
● Ter formação mínima de Ensino Médio completo;
● Ter experiência mínima de 02 (dois) anos na área cultural, preferencialmente comprovada (certificados, declarações, material de imprensa etc);
● Não ser membro da diretoria de entidades representativas do movimento junino (FEQUAJUCE, FEJUC, UNIÃO JUNINA);
● Não ter parentescos até o terceiro grau com componentes e diretores de quadrilhas juninas participantes do concurso. O mesmo se aplica para ex-integrante, desligado há menos de dois anos da data do Festival, para efeitos de participação na Comissão Julgadora da mesma macrorregião;
● Ter participado da Formação de Jurado 2018;
● Ter sido aprovado no processo seletivo da Formação de Jurado 2018.","http://mapa.cultura.ce.gov.br/files/project/1012/chamada-pareceristas-ceara-junino-2018-2.pdf","https://mapacultural.secult.ce.gov.br/files/opportunity/1061/resultado-sele%C3%87%C3%83o-de-jurados-e-presidente-de-mesa.pdf"
"2018-07-12","2018,Ocupação TCC","Edital de Chamamento Público do Programa de Ocupação Artística e Cultural do Teatro Carlos Câmara","http://editais.cultura.ce.gov.br/wp-content/uploads/sites/18/2018/07/Edital-cards-sem-marca2-.jpg","Constitui-se objeto do presente edital a seleção pública de 01 (uma) entidade de direito privado sem fins lucrativos para formalizar parceria com a Administração Pública, em regime de mútua cooperação, para realização de 01 (um) Programa de ocupação artística e cultural para o Teatro Carlos  Câmara (TCC), que contemple atividades de fomento à dinâmica de criação, produção, circulação, formação e fruição cultural, envolvendo prioritariamente artistas, grupos, companhias e coletivos do Ceará.
O conjunto das atividades propostas no programa de ocupação deve atender aos objetivos deste Edital e poderá contemplar múltiplas linguagens artísticas e distintas manifestações culturais,  tendo as artes cênicas como prioridade, a serem realizadas no período de 07 (sete) meses, contados a partir da formalização do Termo de Colaboração com a entidade selecionada. 
O Teatro Carlos Câmara disponibilizará as suas instalações (Hall, Sala Principal, Foyer, Pátio Externo) para a realização das atividades previstas na proposta e arcará com as despesas de manutenção de custeio básico do equipamento, como serviços de limpeza, segurança armada interna 24 horas, fornecimento de água e energia.

				
					O edital conta com inscrições online, através da nova plataforma de Editais Digitais da Cultura. Totalmente integrada ao Mapa Cultural do Ceará, a plataforma de editais digitais garante transparência e celeridade aos processos de seleção de projetos culturais, facilitando e ampliando o acesso da população ao fomento, bem como auxiliando a sociedade e a gestão pública na preservação da memória e na sistematização dos dados e indicadores da Cultura.","http://mapa.cultura.ce.gov.br/files/opportunity/1065/edital-de-ocupacao-do-tcc-2018.pdf","https://mapacultural.secult.ce.gov.br/files/opportunity/1065/resultado_final-_tcc.pdf"
"2018-07-06","2018,Ocupação Museus","Edital do programa de apoio à programação do MUSCE e Museu Sacro São José de Ribamar 2018","http://editais.cultura.ce.gov.br/wp-content/uploads/sites/18/2018/07/edital-museus-1.jpg","A Secretaria da Cultura do Estado do Ceará, por meio do Secretário da Cultura, no uso de suas atribuições legais, e considerando as normas e princípios culturais da Constituição Federal; a Lei nº 16.026, de 01 de junho de 2016, que institui o Plano Estadual da Cultura; a Lei N º 13.602 de 28 de junho de 2005 que institui o Sistema Estadual de Museus do Ceará; a Lei Estadual Nº 13.811, de 16 de Agosto de 2006, que institui o Sistema Estadual de Cultura (SIEC); a Lei n º 16.319, de 14 de agosto de 2017, que dispõe sobre as Diretrizes para a elaboração e execução da Lei Orçamentária para o exercício de 2018; a Lei Complementar nº 119, de 28 de dezembro de 2012, com as alterações trazidas pela lei complementar nº 178, de 10 de maio de 2018, que dispõe sobre as regras para a transferência de recursos financeiros pelos órgãos e entidades do Poder Executivo estadual por meio de convênios e instrumentos congêneres, bem como seus decretos regulamentadores; a Lei Federal nº 13.019, de 31 de julho de 2014, com suas alterações, que dispõe sobre o Marco Regulatório das Organizações da Sociedade Civil (MROSC) e estabelece o regime jurídico das parcerias entre a administração pública e as organizações da sociedade civil, em regime de mútua cooperação, para a consecução de finalidades de interesse público e recíproco e, no que couber, as demais legislações aplicadas à matéria, torna público o Edital ​de Chamamento Público para Seleção do Programa de ​Apoio à Programação Cultural do Museu do Ceará e do Museu Sacro São José de Ribamar 2018.","http://mapa.cultura.ce.gov.br/files/opportunity/1075/edital_de_programacao_musce_e_mssjr-2.pdf","http://mapa.cultura.ce.gov.br/files/opportunity/1075/resultado_final_-_edital_musce_e_museu_sacro_-_as-final.pdf"
"2018-03-13","2018,Convocatória,Editais","Convocatória – Pra Ver a Banda","http://editais.cultura.ce.gov.br/wp-content/uploads/sites/18/2018/07/pra-ver-a-banda-sem-marca.jpg","O Secretário da Cultura do Estado do Ceará, no uso de suas atribuições legais, e considerando a Lei nº 16.026, de 01 de junho de 2016, que institui o Plano Estadual da Cultura; a Lei Estadual nº 13.811, de 16 de agosto de 2006, que Institui o Sistema Estadual de Cultura (SIEC), bem como seu Decreto nº 28.442, de 30 de outubro de 2006, torna público o processo de credenciamento e convocatória que regulamenta a temporada 2018.2 ​do Programa “Pra Ver a Banda” ​como ação que integra as políticas no âmbito do Sistema Estadual de Bandas de Música (SEBAM).","http://mapa.cultura.ce.gov.br/files/project/959/convocatoria-pra-ver-a-banda-2018.2.pdf","https://mapacultural.secult.ce.gov.br/files/project/959/resultado-pre-da-convocatoria-pra-ver-a-banda-2018.2-04-04-2018_(1).pdf"
"2018-03-09","2018,Editais","Edital de Seleção da V Mostra Itinerante de Cinema do Ceará","http://editais.cultura.ce.gov.br/wp-content/uploads/sites/18/2018/07/cinema-itinerante-Capa-sem-marca.jpg","A Secretária da Cultura do Estado do Ceará, no uso de suas atribuições legais, e considerando a Lei nº 16.026, de 01 de junho de 2016, que institui o Plano Estadual da Cultura, bem como as normas e princípios alicerçados na Constituição Federal de 1988; a Lei Estadual Nº 13.811, de 16 de Agosto de 2006, que Institui o Sistema Estadual de Cultura (SIEC); a Lei n º 16.319, de 14 de agosto de 2017, que dispõe sobre as Diretrizes para a elaboração e execução da Lei Orçamentária para o exercício de 2018; o disposto na Lei Complementar nº 119, de 28 de dezembro de 2012, sobre regras para a transferência de recursos financeiros pelos órgãos e entidades do Poder Executivo estadual por meio de convênios e instrumentos congêneres, bem como seus decretos regulamentadores, com suas alterações; a Lei federal nº 13.019, de 31 de julho de 2014 que estabelece o Marco Regulatório das Organizações da Sociedade Civil (MROSC); Termo de Convênio 825570/2015 MINC/SECULT CE e, no que couber, às demais legislações aplicadas à matéria, torna público o edital que regulamenta o processo de inscrição e seleção pública de instituição parceira para a realização da V Mostra Itinerante de Cinema do Ceará.","http://mapa.cultura.ce.gov.br/files/project/1004/edital_de_selecao_da_v_mostra_itinerante_de_cinema.pdf","https://mapacultural.secult.ce.gov.br/files/project/1004/resultado-final-v-mostra-itinerante-de-cinema-do-ceara-05-06-2018.pdf"
"2018-03-13","2018,Editais","Festival Maloca Dragão 2018","http://editais.cultura.ce.gov.br/wp-content/uploads/sites/18/2018/07/maloca-dragão-sem-marca.png","O INSTITUTO DRAGÃO DO MAR (IDM) torna pública a abertura de inscrição para cadastramento de projetos artísticos, produtores e técnicos interessados em participar do Festival Maloca Dragão 2018.","http://mapa.cultura.ce.gov.br/files/project/953/chamada_festival_maloca_drag%C3%83o_2018.pdf","http://mapa.cultura.ce.gov.br/projeto/953/"
"2018-04-12","2018,Editais","Chamada Pública para Credenciamento de Pareceristas | Edital Ceará Junino 2018","http://editais.cultura.ce.gov.br/wp-content/uploads/sites/18/2018/07/edital-ceara-junino-pareceristas-sem-marca.png","O SECRETÁRIO DA CULTURA, no uso de suas atribuições legais, com fundamento nas disposições da Lei nº 13.811/2006, regulamentada pelo Decreto Nº 28.442/2006 e pelo Decreto Nº 31.871/2015, bem como com fulcro na Lei Nº 8.666/93, com enfoque no caput do seu art. 25, torna pública a convocação de pareceristas técnicos para avaliação de projetos culturais inscritos no XX EDITAL CEARÁ JUNINO 2018. O presente Edital está autorizado pela Lei nº 16. 319, de 14 de agosto de 2017 e Lei Nº 16.468, 19 de dezembro de 2017.","http://mapa.cultura.ce.gov.br/files/project/1012/chamada-pareceristas-ceara-junino-2018-2.pdf","https://mapacultural.secult.ce.gov.br/files/project/1012/edital_junino_2018.pdf"
"2018-05-17","2018,Editais","Festival Mi – XIV Festival Música da Ibiapaba 2018","http://editais.cultura.ce.gov.br/wp-content/uploads/sites/18/2018/07/festival-mi-sem-marcaaa.jpg","O presente Regulamento estabelece as condições para participação nas atividades formativas do XIV Festival Mi, realizado pelo Governo do Estado do Ceará. As oficinas acontecerão no período de 30 de junho a 06 de julho de 2018 na cidade de Viçosa do Ceará. O Festival busca explorar novas formas do fazer musical, estimular a prática musical ampla e a formação de novos grupos musicais.","http://mapa.cultura.ce.gov.br/files/opportunity/1031/geral-regulamento-festival-mi-2018.pdf","http://mapa.cultura.ce.gov.br/files/project/1033/retifica%C3%A7%C3%A3o_do_resultado.pdf"
"2017-09-06","2017,Editais,Mecenas","X Edital Mecenas do Ceará","http://editais.cultura.ce.gov.br/wp-content/uploads/sites/18/2018/07/Edital-Mecenas-sem-marca.jpg","A Secretária da Cultura do Estado do Ceará, no uso de suas atribuições legais, e considerando a Lei Estadual Nº 13.811, de 16 de agosto de 2006, que institui o Sistema Estadual de Cultura (SIEC); o Decreto Estadual Nº 28.442, de 30 de outubro de 2006; Lei nº 16.084, 27 de julho de 2016, que dispõe sobre as Diretrizes para a elaboração e execução da Lei Orçamentária para o exercício de 2017; Decreto Estadual nº 31.871, de 30 de dezembro de 2015; Decreto Estadual nº 32.316, de 25 de agosto de 2017; Instrução Normativa nº 01, de 29 de junho de 2016; Lei nº 16.026, de 1º de junho de 2016, que institui o Plano Estadual da Cultura (PEC); subsidiariamente Lei nº 8.666, de 21 de junho de 1993; Lei nº 13.146, de 06 de julho de 2015 e, no que couber, às demais legislações aplicadas à matéria, torna público o X EDITAL MECENAS DO CEARÁ, que regulamenta o processo de inscrição e seleção pública de projetos de várias áreas culturais que visem a captação de recursos através do Mecenato Estadual.","http://mapa.cultura.ce.gov.br/files/project/732/x-edital-mecenas.pdf","http://mapa.cultura.ce.gov.br/files/project/732/resultado-final-autorizados-avaliacao-selecao-proposta-x-edital-mecenas-04-05-2018.pdf"
"2017-10-09","2018,Editais,Eleições CEPC","Edital de Convocação para Eleição do novo Conselho Estadual de Política Cultural do Ceará","http://editais.cultura.ce.gov.br/wp-content/uploads/sites/18/2018/07/CEPC-CE-inscirções-abertas-sem-marca.jpg","A Secretaria da Cultura do Estado do Ceará lança, nesta segunda-feira, 09/10, o Edital de Convocação para eleger os membros temporários da sociedade civil representantes de segmentos culturais que irão compor o Conselho Estadual de Política Cultural do Ceará (CEPC), para o biênio 2018/2020.
O Conselho Estadual de Política Cultural do Ceará (CEPC) é um órgão colegiado permanente, de caráter normativo, deliberativo, fiscalizatório e consultivo, de composição majoritária da sociedade civil, integrante do Sistema Estadual de Cultura, vinculado administrativa e financeiramente à Secretaria da Cultura do Ceará, com a atribuição de institucionalizar as relações entre a administração pública estadual e os diversos setores da sociedade civil, com a finalidade de promover uma gestão democrática e autônoma da política cultural no Estado do Ceará, conforme Lei Estadual No 15.552 de 31 de março de 2014.
Considerando a composição dada pela referida Lei, 19 (dezenove) dos 40 (quarenta) membros devem ser escolhidos por meio de edital público, tendo em vista que serão representantes dos segmentos culturais da sociedade civil.","http://rede.cultura.ce.gov.br/editais/wp-content/uploads/sites/18/2017/10/edital-de-convocao-eleio-cepc-ce-20182f2020.pdf","http://rede.cultura.ce.gov.br/editais/wp-content/uploads/sites/18/2017/10/resultado-final-cepc.pdf"
"2017-11-13","2018,Ceará da Paixão,Editais","XIV Edital Ceará da Paixão 2018","http://editais.cultura.ce.gov.br/wp-content/uploads/sites/18/2018/07/Edital-Ceará-Paixao-2018-sem-marca.jpg","O Secretário da Cultura do Estado do Ceará, no uso de suas atribuições legais, e considerando a Lei nº 16.026, de 01 de junho de 2016, que institui o Plano Estadual da Cultura; bem como as normas e princípios alicerçados na Constituição Federal de 1988; a Lei Estadual Nº 13.811, de 16 de agosto de 2006, que Institui o Sistema Estadual de Cultura (Siec); a Lei nº 16. 319, de 14 de agosto de 2017, que dispõe sobre as Diretrizes para a elaboração e execução da Lei Orçamentária para o exercício de 2018; o disposto na Lei Complementar nº 119, de 28 de dezembro de 2012, sobre regras para a transferência de recursos financeiros pelos Órgãos e Entidades do Poder Executivo Estadual por meio de convênios e instrumentos congêneres, bem como seus decretos regulamentadores; a Instrução de Normativa nº 03 de 23 de agosto de 2017; a Lei Federal nº 13.019, de 31 de julho de 2014, com suas alterações, a Lei do Marco Regulatório das Organizações da Sociedade Civil (MROSC), que estabelece o regime jurídico das parcerias entre a Administração Pública e as organizações da sociedade civil, em regime de mútua cooperação, para a consecução de finalidades de interesse público e recíproco; e, no que couber, às demais legislações aplicadas à matéria, torna público o processo de inscrição e seleção pública que regulamenta o XIV Edital Ceará da Paixão – 2018.","http://mapa.cultura.ce.gov.br/files/project/837/xiv-edital-ceara-da-paixao-2018.pdf","http://mapa.cultura.ce.gov.br/files/project/837/resultado-final-edital-ceara-da-paixao-23-03-2018.pdf"
"2017-11-28","2018,Editais","Prêmio Pontos de Cultura do Ceará","http://editais.cultura.ce.gov.br/wp-content/uploads/sites/18/2018/07/PONTOS-DE-CULTURA-sem-marca.jpg","A Secretária da Cultura do Estado do Ceará, no uso de suas atribuições legais,
e considerando a Lei nº 16.026, de 01 de junho de 2016, que institui o Plano
Estadual da Cultura; a Lei Estadual nº 13.811, de 16 de agosto de 2006, que
Institui o Sistema Estadual de Cultura (SIEC), bem como seu Decreto nº 28.442,
de 30 de outubro de 2006; a Lei Estadual nº 16.084, 27 de julho de 2016, que
dispõe sobre as Diretrizes para a elaboração e execução da Lei Orçamentária
para o exercício de 2017 ; a Lei Federal nº 8.666, de 21 de junho de 2003; a Lei
Federal nº 13.018, de 22 de julho de 2014; bem como as demais legislações
aplicáveis à matéria, torna público o Edital que regulamenta o concurso para
atribuição de prêmio aos Pontos de Cultura situados no Estado do Ceará.","http://mapa.cultura.ce.gov.br/files/project/841/edital_premio_pontos_de_cultura.pdf","https://mapacultural.secult.ce.gov.br/files/opportunity/841/2_termo_aditivo_edital_premio_pontos_de_cultura_2017.pdf"
"2018-02-09","2018,Editais","XX Edital Ceará Junino 2018","http://editais.cultura.ce.gov.br/wp-content/uploads/sites/18/2018/07/Ceara-junino-sem-marca.jpg","A Secretária da Cultura do Estado do Ceará, no uso de suas atribuições legais, e considerando a Lei nº 16.026, de 01 de junho de 2016, que institui o Plano Estadual da Cultura; bem como as normas e princípios alicerçados na Constituição Federal de 1988; a Lei Estadual Nº 13.811, de 16 de agosto de 2006, que Institui o Sistema Estadual de Cultura (Siec); a Lei nº 16.319, 14 de agosto de 2017, que dispõe sobre as Diretrizes para a elaboração e execução da Lei Orçamentária para o exercício de 2018; o disposto na Lei Complementar nº 119, de 28 de dezembro de 2012, sobre regras para a transferência de recursos financeiros pelos órgãos e entidades do Poder Executivo Estadual por meio de convênios e instrumentos congêneres, bem como seus decretos regulamentadores; a Lei Federal nº 13.019, de 31 de julho de 2014, com suas alterações, a Lei do Marco Regulatório das Organizações da Sociedade Civil (MROSC), que estabelece o regime jurídico das parcerias entre a administração pública e as organizações da sociedade civil, em regime de mútua cooperação, para a consecução de finalidades de interesse público e recíproco; e, no que couber, às demais legislações aplicadas à matéria, torna público o processo de inscrição e seleção pública que regulamenta XX Edital Ceará Junino – 2018.
				
					.","http://mapa.cultura.ce.gov.br/files/project/934/xx-edital-ceara-junino-2018.pdf","http://mapa.cultura.ce.gov.br/files/project/934/resultado-final-quadrilhas-juninas-edital-ceara-junino-21-06-2018.pdf"
"2017-05-12","2017,Editais,Ocupação TCC","Edital para Seleção pública do Programa de Ocupação Artística e Cultural do Teatro Carlos Câmara (TCC) 2017","http://editais.cultura.ce.gov.br/wp-content/uploads/sites/18/2018/07/Teatro-Carlos-Camara-sem-marca.jpg","O Secretário da Cultura do Estado do Ceará, no uso de suas atribuições legais, e considerando a Lei nº 16.026 de 01 de junho de 2016, que institui o Plano Estadual da Cultura, bem como as normas e princípios alicerçados na Constituição Federal de 1988; a Lei Estadual Nº 13.811, de 16 de Agosto de 2006, que Institui o Sistema Estadual de Cultura (SIEC); a Lei nº 16.084, 27 de julho de 2016, que dispõe sobre as Diretrizes para a elaboração e execução da Lei Orçamentária para o exercício de 2017; o disposto na Lei Complementar nº 119, de 28 de dezembro de 2012, sobre regras para a transferência de recursos financeiros pelos órgãos e entidades do Poder Executivo estadual por meio de convênios e instrumentos congêneres, bem como seus decretos regulamentadores; a Lei Federal nº 13.019, de 31 de julho de 2014, com suas alterações, que dispõe sobre o Marco Regulatório das Organizações da Sociedade Civil (MROSC) e estabelece o regime jurídico das parcerias entre a administração pública e as organizações da sociedade civil, em regime de mútua cooperação, para a consecução de finalidades de interesse público e recíproco e, no que couber, às demais legislações aplicadas à matéria, torna público o processo de inscrição e seleção pública que regulamenta o Edital para Seleção Pública do Programa de Ocupação Artística e Cultural do Teatro Carlos Câmara 2017​.","http://mapa.cultura.ce.gov.br/files/project/623/edital-de-ocupacao-do-tcc-2017.pdf","http://mapa.cultura.ce.gov.br/files/project/623/ocupacaotcc-resultadofinal.pdf"
"2017-08-10","2017,Editais,Ocupação Museus","Edital de Apoio à Programação Cultural do Museu do Ceará e Museu Sacro São José de Ribamar 2017","http://editais.cultura.ce.gov.br/wp-content/uploads/sites/18/2018/07/edital-museus-sem-marca.jpg","A Secretária da Cultura do Estado do Ceará, no uso de suas atribuições legais, e considerando a Lei nº 16.026 de 01 de junho de 2016, que institui o Plano Estadual da Cultura, bem como as normas e princípios alicerçados na Constituição Federal de 1988; a Lei Estadual Nº 13.811, de 16 de Agosto de 2006, que Institui o Sistema Estadual de Cultura (SIEC); a Lei nº 16.084, de 27 de julho de 2016, que dispõe sobre as Diretrizes para a elaboração e execução da Lei Orçamentária para o exercício de 2017; o disposto na Lei Complementar nº 119, de 28 de dezembro de 2012, sobre regras para a transferência de recursos financeiros pelos órgãos e entidades do Poder Executivo estadual por meio de convênios e instrumentos congêneres, bem como seus decretos regulamentadores; a Lei Federal nº 13.019, de 31 de julho de 2014, com suas alterações, que dispõe sobre o Marco Regulatório das Organizações da Sociedade Civil (MROSC) e estabelece o regime jurídico das parcerias entre a administração pública e as organizações da sociedade civil, em regime de mútua cooperação, para a consecução de finalidades de interesse público e recíproco e, no que couber, às demais legislações aplicadas à matéria, torna público o processo de inscrição e seleção pública que regulamenta o Edital de Apoio à Programação Cultural do Museu do Ceará e Museu Sacro São José de Ribamar 2017","http://mapa.cultura.ce.gov.br/files/project/676/edital_de_programa%C3%A7%C3%A3o_cultural_do_musce_e_mssjr.pdf","http://mapa.cultura.ce.gov.br/files/project/676/resultado-final-edital-prog-museus-do-ceara.pdf"
"2017-03-27","2017,Editais","XIX Edital Ceará Junino 2017","http://editais.cultura.ce.gov.br/wp-content/uploads/sites/18/2018/07/edital-festejos-junino-sem-marca.jpg","O Secretário da Cultura do Estado do Ceará, no uso de suas atribuições legais, e considerando a Lei nº 16.026, de 01 de junho de 2016, que institui o Plano Estadual da Cultura; bem como as normas e princípios alicerçados na Constituição Federal de 1988; a Lei Estadual Nº 13.811, de 16 de agosto de 2006, que Institui o Sistema Estadual de Cultura (Siec); a Lei nº 16.084, 27 de julho de 2016, que dispõe sobre as Diretrizes para a elaboração e execução da Lei Orçamentária para o exercício de 2017; o disposto na Lei Complementar nº 119, de 28 de dezembro de 2012, sobre regras para a transferência de recursos financeiros pelos órgãos e entidades do Poder Executivo Estadual por meio de convênios e instrumentos congêneres, bem como seus decretos regulamentadores; a Lei Federal nº 13.019, de 31 de julho de 2014, com suas alterações, a Lei do Marco Regulatório das Organizações da Sociedade Civil (MROSC), que estabelece o regime jurídico das parcerias entre a administração pública e as organizações da sociedade civil, em regime de mútua cooperação, para a consecução de finalidades de interesse público e recíproco; e, no que couber, às demais legislações aplicadas à matéria, torna público o processo de inscrição e seleção pública que regulamenta o XIX Edital Ceará Junino – 2017.
				
					Oficina Tira-Duvidas – Presencial","http://mapa.cultura.ce.gov.br/files/project/555/xix_edital_cear%C3%81_junino_%E2%80%93_2017.pdf","http://mapa.cultura.ce.gov.br/files/opportunity/555/resultado-final-edital-junino.pdf"
"2017-08-22","2017,Editais,Mestres do Mundo","Edital de Seleção do XI Encontro Mestres do Mundo – 2017","http://editais.cultura.ce.gov.br/wp-content/uploads/sites/18/2018/07/EDITAL-Mestre-da-Cultura-sem-marca.jpg","A Secretária da Cultura do Estado do Ceará, no uso de suas atribuições legais, e considerando a Lei nº 13.842, de 27 de novembro de 2006, que institui o Registro dos “Tesouros Vivos da Cultura” no Estado do Ceará; Lei nº 16.026, de 01 de junho de 2016, que institui o Plano Estadual da Cultura, bem como as normas e princípios alicerçados na Constituição Federal de 1988; a Lei Estadual Nº 13.811, de 16 de Agosto de 2006, que Institui o Sistema Estadual de Cultura (SIEC); a Lei nº 16.084, 27 de julho de 2016, que dispõe sobre as Diretrizes para a elaboração e execução da Lei Orçamentária para o exercício de 2017; o disposto na Lei Complementar nº 119, de 28 de dezembro de 2012, sobre regras para a transferência de recursos financeiros pelos órgãos e entidades do Poder Executivo estadual por meio de convênios e instrumentos congêneres, bem como seus decretos regulamentadores, com suas alterações, a Lei do Marco Regulatório das Organizações da Sociedade Civil (MROSC), que estabelece o regime jurídico das parcerias entre a administração pública e as organizações da sociedade civil, em regime de mútua cooperação, para a consecução de finalidades de interesse público e recíproco e, no que couber, às demais legislações aplicadas à matéria, torna público o edital que regulamenta o processo de inscrição e seleção pública de instituição parceira para a realização do XI​ ​Encontro​ ​Mestres​ ​do​ ​Mundo​ ​ 2017
				
					Oficina tira dúvidas","http://mapa.cultura.ce.gov.br/files/project/703/edital-xi-encontro-mestres-do-mundo-2017.pdf","http://mapa.cultura.ce.gov.br/files/project/703/resultado-final-encontro-mestres-do-mundo.pdf"
"2017-09-01","2018,Carnaval,Editais","XII Edital Carnaval do Ceará 2018","http://editais.cultura.ce.gov.br/wp-content/uploads/sites/18/2018/07/edital-de-carnaval2018-sem-marca.jpg","O Secretário da Cultura do Estado do Ceará, no uso de suas atribuições legais, e considerando a Lei nº 16.026, de 01 de junho de 2016, que institui o Plano Estadual da Cultura; bem como as normas e princípios alicerçados na Constituição Federal de 1988; a Lei Estadual Nº 13.811, de 16 de agosto de 2006, que Institui o Sistema Estadual de Cultura (Siec); a Lei nº 16.084, 27 de julho de 2016, que dispõe sobre as Diretrizes para a elaboração e execução da Lei Orçamentária para o exercício de 2017; o disposto na Lei Complementar nº 119, de 28 de dezembro de 2012, sobre regras para a transferência de recursos financeiros pelos órgãos e entidades do Poder Executivo Estadual por meio de convênios e instrumentos congêneres, bem como seus decretos regulamentadores; a Lei Federal nº 13.019, de 31 de julho de 2014, com suas alterações, a Lei do Marco Regulatório das Organizações da Sociedade Civil (MROSC), que estabelece o regime jurídico das parcerias entre a administração pública e as organizações da sociedade civil, em regime de mútua cooperação, para a consecução de finalidades de interesse público e recíproco; e, no que couber, às demais legislações aplicadas à matéria, torna público o processo de inscrição e seleção pública que regulamenta o XII Edital​ ​Carnaval​ ​do​ ​Ceará​ ​2018​ ​.","http://mapa.cultura.ce.gov.br/files/project/725/xii-edital-carnaval-do-ceara-2018.pdf","http://mapa.cultura.ce.gov.br/files/project/725/resultado-final-edital-do-carnaval2018.pdf"
"2017-01-28","2017,Editais,Incentivo às Artes","XI Edital de Incentivo às Artes 2016 – Humor","http://editais.cultura.ce.gov.br/wp-content/uploads/sites/18/2018/07/incentivo-as-artes-humor-sem-marca.jpg","A Secretária da Cultura do Estado do Ceará, no uso de suas atribuições legais, e considerando a Lei nº 16.026 de 01 de junho de 2016, que institui o Plano Estadual da Cultura, bem como as normas e princípios alicerçados na Constituição Federal de 1988; a Lei Estadual Nº 13.811, de 16 de Agosto de 2006 que Institui o Sistema Estadual de Cultura (SIEC); Lei nº 16.084, 27 de julho de 2016, que dispõe sobre as Diretrizes para a elaboração e execução da Lei Orçamentária para o exercício de 2017; o disposto na Lei Complementar nº 119, de 28 de dezembro de 2012, sobre regras para a transferência de recursos financeiros pelos órgãos e entidades do poder executivo estadual por meio de convênios e instrumentos congêneres, bem como seus decretos regulamentadores; a Lei Federal nº 13.019, de 31 de julho de 2014, com suas alterações, Lei do Marco Regulatório das Organizações da Sociedade Civil (MROSC), que estabelece o regime jurídico das parcerias entre a administração pública e as organizações da sociedade civil, em regime de mútua cooperação, para a consecução de finalidades de interesse público e recíproco e, no que couber, às demais legislações aplicadas à matéria, torna público o Edital que regulamenta o processo de inscrição e seleção pública para o XI Edital de Incentivo às Artes 2016 – Humor.","http://mapa.cultura.ce.gov.br/files/project/339/xi_edital_de_incentivo_a%CC%80s_artes_2016_-_humor.pdf","http://mapa.cultura.ce.gov.br/files/project/339/resultado-final-edital-incentivo-as-artes-humor-04-04-2018.pdf"
"2018-06-06","2018,Editais,Ocupação TJA","Chamada de Ocupação Artística do Theatro José de Alencar 2018","http://editais.cultura.ce.gov.br/wp-content/uploads/sites/18/2018/07/TJA-sem-marca.png","Constitui objeto desta Chamada a seleção de propostas para ocupação dos espaços do Theatro José de Alencar e do Anexo CENA através de composição da programação e outras ações de ocupação artística-cultural.","http://mapa.cultura.ce.gov.br/files/opportunity/1040/regulamento-chamada-ocupa%C3%A7%C3%A3o-tja-2018.pdf","https://mapacultural.secult.ce.gov.br/files/opportunity/1040/resultado_da_chamada_de_ocupa%C3%87%C3%83o_art%C3%8Dstica_do_tja_-_2018.pdf"
"2017-01-28","2017,Editais,Incentivo às Artes","XI Edital de  Incentivo às Artes 2016 – Literatura","http://editais.cultura.ce.gov.br/wp-content/uploads/sites/18/2018/07/incentivo-as-artes-literatura-sem-marca.jpg","O Secretário da Cultura do Estado do Ceará, no uso de suas atribuições legais, e considerando a Lei nº 16.026 de 01 de junho de 2016, que institui o Plano Estadual da Cultura, bem como as normas e princípios alicerçados na Constituição Federal de 1988; a Lei Estadual Nº 13.811, de 16 de Agosto de 2006 que Institui o Sistema Estadual de Cultura (SIEC); Lei nº 16.084, 27 de julho de 2016, que dispõe sobre as Diretrizes para a elaboração e execução da Lei Orçamentária para o exercício de 2017; o disposto na Lei Complementar nº 119, de 28 de dezembro de 2012, sobre regras para a transferência de recursos financeiros pelos órgãos e entidades do poder executivo estadual por meio de convênios e instrumentos congêneres, bem como seus decretos regulamentadores; a Lei Federal nº 13.019, de 31 de julho de 2014, com suas alterações, Lei do Marco Regulatório das Organizações da Sociedade Civil (MROSC), que estabelece o regime jurídico das parcerias entre a administração pública e as organizações da sociedade civil, em regime de mútua cooperação, para a consecução de finalidades de interesse público e recíproco e, no que couber, às demais legislações aplicadas à matéria, torna público o Edital que regulamenta o processo de inscrição e seleção pública para o XI Edital de Incentivo às Artes 2016 – Literatura.","http://mapa.cultura.ce.gov.br/files/project/340/xi_edital_de_incentivo_a%CC%80s_artes_2016_-_literatura.pdf","http://mapa.cultura.ce.gov.br/files/project/340/resultado-final-edital-incentivo-as-artes-literatura-10-04-2018.pdf"
"2017-01-28","2017,Editais,Incentivo às Artes","XI Edital de Incentivo às Artes 2016 – Teatro","http://editais.cultura.ce.gov.br/wp-content/uploads/sites/18/2018/07/incentivo-as-artes-teatro-sem-marca.jpg","O Secretário da Cultura do Estado do Ceará, no uso de suas atribuições legais, e considerando a Lei nº 16.026 de 01 de junho de 2016, que institui o Plano Estadual da Cultura,  bem  como  as  normas  e  princípios   alicerçados  na  Constituição  Federal  de  1988; a Lei Estadual Nº 13.811, de 16 de Agosto de 2006 que Institui o Sistema Estadual de Cultura (SIEC); Lei nº 16.084, 27 de julho de 2016, que dispõe sobre as Diretrizes para a elaboração e execução da Lei Orçamentária para o exercício de 2017 ; o disposto na Lei Complementar nº 119, de 28 de dezembro de 2012, sobre regras para a transferência de recursos financeiros pelos órgãos e entidades do poder executivo estadual por meio de convênios e instrumentos congêneres, bem como seus decretos regulamentadores; a Lei Federal nº 13.019, de 31 de julho de 2014, com suas alterações, Lei do Marco Regulatório das Organizações da Sociedade Civil (MROSC), que estabelece o regime jurídico das parcerias entre a administração pública e as organizações da sociedade civil, em regime de mútua cooperação, para a consecução de finalidades de interesse público e recíproco e, no que couber, às demais legislações aplicadas à matéria, torna público o Edital que regulamenta o processo de inscrição e seleção pública para o XI Edital de Incentivo  às  Artes  2016 – Teatro.
				
					Oficina Tira-Duvidas Presencial","http://mapa.cultura.ce.gov.br/files/project/341/xi_edital_de_incentivo_a%CC%80s_artes_2016_-_teatro.pdf","http://mapa.cultura.ce.gov.br/files/project/341/resultado-final-edital-incentivo-as-artes-teatro-10-04-2018.pdf"
"2017-02-20","2017,Ceará da Paixão,Editais","XIII Edital Ceará da Paixão 2017","http://editais.cultura.ce.gov.br/wp-content/uploads/sites/18/2018/07/edital-da-paixao-2017-sem-marca.jpg","O Secretário da Cultura do Estado do Ceará, no uso de suas atribuições legais, e considerando a Lei nº 16.026 de 01 de junho de 2016, que institui o Plano Estadual da Cultura, bem como as normas e princípios alicerçados na Constituição Federal de 1988; a Lei Estadual Nº 13.811, de 16 de Agosto de 2006, que Institui o Sistema Estadual de Cultura (SIEC); a Lei nº 16.084, 27 de julho de 2016, que dispõe sobre as Diretrizes para a elaboração e execução da Lei Orçamentária para o exercício de 2017; o disposto na Lei Complementar nº 119, de 28 de dezembro de 2012, sobre regras para a transferência de recursos financeiros pelos órgãos e entidades do Poder Executivo estadual por meio de convênios e instrumentos congêneres, bem como seus decretos regulamentadores; a Lei Federal nº 13.019, de 31 de julho de 2014, com suas alterações, a Lei do Marco Regulatório das Organizações da Sociedade Civil (MROSC), que estabelece o regime jurídico das parcerias entre a administração pública e as organizações da sociedade civil, em regime de mútua cooperação, para a consecução de finalidades de interesse público e recíproco e, no que couber, às demaislegislações aplicadas à matéria, torna público o processo de inscrição e seleção pública que regulamenta o XIII Edital Ceará da Paixão 2017.
				
					Oficina Tira-Duvidas – Presencial","http://mapa.cultura.ce.gov.br/files/project/287/xiii_edital_ceara_da_paixao_2017.pdf","http://mapa.cultura.ce.gov.br/files/project/287/final-paixao-retificado.pdf"
"2017-01-30","2017,Cinema e Vídeo,Editais","XIII Edital Ceará de Cinema e Vídeo","http://editais.cultura.ce.gov.br/wp-content/uploads/sites/18/2018/07/edital-cinema-e-video-card-sem-marca.jpg","A Secretária da Cultura do Estado do Ceará, no uso de suas atribuições legais, e considerando a Lei Estadual Nº 13.811, de 16 de agosto de 2006, que Institui o Sistema Estadual de Cultura (SIEC); a Lei Estadual nº 15.839, de 27 de julho de 2015, que dispõe sobre as Diretrizes Orçamentárias para o exercício de 2016; a Lei autorizativa nº 15.939, de 29 de dezembro de 2015; o disposto na Lei Complementar nº 119, de 28 de dezembro de 2012, sobre regras para a transferência de recursos financeiros pelos órgãos e entidades do Poder Executivo estadual por meio de convênios e instrumentos congêneres; a Lei Federal nº 13.019, de 31 de julho de 2014, com suas alterações, Lei do Marco Regulatório das Organizações da Sociedade Civil, que estabelece o regime jurídico das parcerias entre a administração pública e as organizações da sociedade civil, em regime de mútua cooperação, para a consecução de finalidades de interesse público e recíproco, e no que couber, às demaislegislações aplicadas à matéria; a Lei nº 16.026, de 1º de junho de 2016, que institui o Plano Estadual de Cultura do Ceará; além das disposições da Lei nº 11.437, de 28 de dezembro de 2006; do Decreto nº 6.299, de 12 de dezembro de 2007; do Regulamento Geral do Programa de Apoio ao Desenvolvimento da Indústria Audiovisual – PRODAV e em outras normas jurídicas pertinentes à matéria; torna público o conjunto de normas que regulamentam o processo de inscrição e seleção pública do XIII EDITAL CEARÁ DE CINEMA E VÍDEO – 2016.
				
					Oficina Tira-Duvidas – Presencial
				
					Oficina Tira-Duvidas – Online","http://mapa.cultura.ce.gov.br/files/project/220/xiii_edital_ceara%CC%81_de_cinema_e_vi%CC%81deo_2016_pdf.pdf","http://mapa.cultura.ce.gov.br/files/project/220/resultado-final-edital-cinema-e-video-22-06-2018.pdf"
"2017-07-20","2017,Editais,Natal de Luz","XIV Edital Ceará Natal de Luz – 2017","http://editais.cultura.ce.gov.br/wp-content/uploads/sites/18/2018/07/edital-natal-de-luz-sem-marca.jpg","Oficina Online
				
					Oficina Presencial
				
					O Secretário da Cultura do Estado do Ceará, no uso de suas atribuições legais, e considerando a Lei nº 16.026, de 01 de junho de 2016, que instui o Plano Estadual da Cultura; bem como as normas e princípios alicerçados na Constuição Federal de 1988; a Lei Estadual Nº 13.811, de 16 de agosto de 2006, que Instui o Sistema Estadual de Cultura (Siec); a Lei nº 16.084, 27 de julho de 2016, que dispõe sobre as Diretrizes para a elaboração e execução da Lei Orçamentária para o exercício de 2017; o disposto na Lei Complementar nº 119, de 28 de dezembro de 2012, sobre regras para a transferência de recursos financeiros pelos órgãos e endades do Poder Execuvo Estadual por meio de convênios e instrumentos congêneres, bem como seus decretos regulamentadores; a Lei Federal nº 13.019, de 31 de julho de 2014, com suas alterações, a Lei do Marco Regulatório das Organizações da Sociedade Civil (MROSC), que estabelece o regime jurídico das parcerias entre a administração pública e as organizações da sociedade civil, em regime de mútua cooperação, para a consecução de finalidades de interesse público e recíproco; e, no que couber, às demais legislações aplicadas à matéria, torna público o processo de inscrição e seleção pública que regulamenta o XIV Edital Ceará Natal de Luz – 2017.","http://mapa.cultura.ce.gov.br/files/project/660/xiv_edital_ceara_natal_de_luz.pdf","http://mapa.cultura.ce.gov.br/files/project/660/resultado-final-edital-natal-de-luz-2017-secult2017.pdf"
"2017-01-23","2016,2017,Editais,Escolas da Cultura","Edital Escolas da Cultura 2016","http://editais.cultura.ce.gov.br/wp-content/uploads/sites/18/2018/07/edital-Escolas-livres-sem-marca.jpg","O Secretário da Cultura do Estado do Ceará, no uso de suas atribuições legais, e considerando o disposto na Lei Estadual nº 15.839, de 27 de julho de 2015,sobre as Diretrizes Orçamentárias para o exercício de 2016, Lei Estadual nº 15.939, de 30 de dezembro de 2015, sobre a autorização para a transferência de recursos para a execução de programas em parceria com pessoas jurídicas do setor privado ou pessoas físicas para o exercício de 2016 na Lei Federal nº 13.019, de 31 de julho de 2014, com suas alterações, Lei do Marco Regulatório das Organizações da Sociedade Civil, que estabelece o regime jurídico das parcerias entre a administração pública e as organizações da sociedade civil, em regime de mútua cooperação, para a consecução de finalidades de interesse público e recíproco, mediante a execução de atividades ou de projetos previamente estabelecidos em planos de trabalho inseridos em termos de colaboração, em termos de fomento ou em acordos de cooperação; define diretrizes para a política de fomento, de colaboração e de cooperação com organizações da sociedade civil; Lei Complementar nº 119 de 28 de dezembro de 2012, de forma subsidiária, e nas demais legislações aplicadas à matéria, torna público o edital que regulamenta o processo de inscrição e seleção pública de PROPOSTAS PARA AÇÕES DE FORMAÇÃO CONTINUADA EM ARTE E CULTURA desenvolvidas por Instituições da Sociedade Civil, integrando-as ao
Programa Escolas da Cultura.","http://rede.cultura.ce.gov.br/editais/wp-content/uploads/sites/18/2016/09/edital-escolas-livres-alterado.pdf","https://mapacultural.secult.ce.gov.br/files/project/138/escolas-resultadofinal.pdf"
"2017-01-28","2017,Editais,Incentivo às Artes","XI Edital de Incentivo às Artes 2016 – Dança","http://editais.cultura.ce.gov.br/wp-content/uploads/sites/18/2018/07/incentivo-as-artes-dança-sem-marca.jpg","A Secretária da Cultura do Estado do Ceará, no uso de suas atribuições legais, e considerando a Lei nº 16.026, de 01 de junho de 2016, que institui o Plano Estadual da Cultura, bem como as normas e princípios alicerçados na Constituição Federal de 1988; a Lei Estadual Nº 13.811, de 16 de Agosto de 2006, que Institui o Sistema Estadual de Cultura (SIEC); a Lei nº 16.084, 27 de julho de 2016, que dispõe sobre as Diretrizes para a elaboração e execução da Lei Orçamentária para o exercício de 2017; o disposto na Lei Complementar nº 119, de 28 de dezembro de 2012, sobre regras para a transferência de recursos financeiros pelos órgãos e entidades do poder executivo estadual por meio de convênios e instrumentos congêneres, bem como seus decretos regulamentadores; a Lei Federal nº 13.019, de 31 de julho de 2014, com suas alterações, Lei do Marco Regulatório das Organizações da Sociedade Civil (MROSC), que estabelece o regime jurídico das parcerias entre a administração pública e as organizações da sociedade civil, em regime de mútua cooperação, para a consecução de finalidades de interesse público e recíproco e, no que couber, as demais legislações aplicadas à matéria, torna público o Edital que regulamenta o processo de inscrição e seleção pública para o XI Edital de Incentivo  às  Artes  2016  ­  Dança.","http://mapa.cultura.ce.gov.br/files/project/336/xi_edital_de_incentivo_a%CC%80s_artes_2016_-_danc%CC%A7a.pdf","http://mapa.cultura.ce.gov.br/files/project/336/resultado-final-edital-incentivo-as-artes-dan%C3%A7a-10-04-2018.pdf"
"2017-01-28","2016,Editais,Incentivo às Artes","XI Edital de Incentivo às Artes 2016 – Artes Visuais","http://editais.cultura.ce.gov.br/wp-content/uploads/sites/18/2018/07/incentivo-as-artes2016-artes-visuais-sem-marca.jpg","A Secretária da Cultura do Estado do Ceará, no uso de suas atribuições legais, e considerando a Lei nº 16.026 de 01 de junho de 2016, que institui o Plano Estadual da Cultura, bem como as normas e princípios alicerçados na Constituição Federal de 1988; a Lei Estadual Nº 13.811, de 16 de Agosto de 2006, que Institui o Sistema Estadual de Cultura (SIEC); a Lei nº 16.084, 27 de julho de 2016, que dispõe sobre as Diretrizes para a elaboração e execução da Lei Orçamentária para o exercício de 2017; o disposto na Lei Complementar nº 119, de 28 de dezembro de 2012, sobre regras para a transferência de recursos financeiros pelos órgãos e entidades do Poder Executivo estadual por meio de convênios e instrumentos congêneres, bem como seus decretos regulamentadores; a Lei Federal nº 13.019, de 31 de julho de 2014, com suas alterações, a Lei do Marco Regulatório das Organizações da Sociedade Civil (MROSC), que estabelece o regime jurídico das parcerias entre a administração pública e as organizações da sociedade civil, em regime de mútua cooperação, para a consecução de finalidades de interesse público e recíproco e, no que couber, às demais legislações aplicadas à matéria, torna público o processo de inscrição e seleção pública que regulamenta o XI Edital de Incentivo às Artes  2016 Antônio  Bandeira  de  Artes  Visuais
				
					
				
					Oficina Tira-Dúvidas – Presencial","http://mapa.cultura.ce.gov.br/files/project/334/xi_edital_de_incentivo_as_artes_2016_-_artes_visuais.pdf","http://mapa.cultura.ce.gov.br/files/project/334/resultado-final-republicada-por-incorrecao-edital-incentivo-as-artes-artes-visuais-10-04-2018.pdf"
"2017-01-28","2017,Editais,Incentivo às Artes","XI Edital de Incentivo às Artes 2016 – Circo","http://editais.cultura.ce.gov.br/wp-content/uploads/sites/18/2018/07/incentivo-as-circo-sem-marca.jpg","A Secretária da Cultura do Estado do Ceará, no uso de suas atribuições legais, e considerando a Lei nº 16.026 de 01 de junho de 2016, que institui o Plano Estadual da Cultura, bem como as normas e princípios alicerçados na Constituição Federal de 1988; a Lei Estadual Nº 13.811, de 16 de Agosto de 2006 que Institui o Sistema Estadual de Cultura (SIEC); Lei nº 16.084, 27 de julho de 2016, que dispõe sobre as Diretrizes para a elaboração e execução da Lei Orçamentária para o exercício de 2017; o disposto na Lei Complementar nº 119, de 28 de dezembro de 2012, sobre regras para a transferência de recursos financeiros pelos órgãos e entidades do poder executivo estadual por meio de convênios e instrumentos congêneres, bem como seus decretos regulamentadores; a Lei Federal nº 13.019, de 31 de julho de 2014, com suas alterações, Lei do Marco Regulatório das Organizações da Sociedade Civil (MROSC), que estabelece o regime jurídico das parcerias entre a administração pública e as organizações da sociedade civil, em regime de mútua cooperação, para a consecução de finalidades de interesse público e recíproco e, no que couber, às demais legislações aplicadas à matéria, torna público o Edital que regulamenta o processo de inscrição e seleção pública para o XI Edital de Incentivo às Artes 2016 – Circo.","http://mapa.cultura.ce.gov.br/files/project/335/xi_edital_de_incentivo_a%CC%80s_artes_2016_-_circo.pdf","http://mapa.cultura.ce.gov.br/files/project/335/resultado-final-edital-incentivo-as-artes-circo-04-04-2018.pdf"
"2017-01-28","2017,Editais,Incentivo às Artes","XI Edital de Incentivo às Artes 2016 – Fotografia","http://editais.cultura.ce.gov.br/wp-content/uploads/sites/18/2018/07/incentivo-as-artes-fotografia-sem-marca.jpg","A Secretária da Cultura do Estado do Ceará, no uso de suas atribuições legais, e considerando a Lei nº 16.026 de 01 de junho de 2016, que institui o Plano Estadual da Cultura, bem como as normas e princípios alicerçados na Constituição Federal de 1988; a Lei Estadual Nº 13.811, de 16 de Agosto de 2006 que Institui o Sistema Estadual de Cultura (SIEC); Lei nº 16.084, 27 de julho de 2016, que dispõe sobre as Diretrizes para a elaboração e execução da Lei Orçamentária para o exercício de 2017; o disposto na Lei Complementar nº 119, de 28 de dezembro de 2012, sobre regras para a transferência de recursos financeiros pelos órgãos e entidades do poder executivo estadual por meio de convênios e instrumentos congêneres, bem como seus decretos regulamentadores; a Lei Federal nº 13.019, de 31 de julho de 2014, com suas alterações, Lei do Marco Regulatório das Organizações da Sociedade Civil (MROSC), que estabelece o regime jurídico das parcerias entre a administração pública e as organizações da sociedade civil, em regime de mútua cooperação, para a consecução de finalidades de interesse público e recíproco e, no que couber, às demais legislações aplicadas à matéria, torna público o Edital que regulamenta o processo de inscrição e seleção pública para o XI Edital de Incentivo  às  Artes  2016 – Fotografia.
				
					Oficina Tira-Duvidas Presencial","http://mapa.cultura.ce.gov.br/files/project/338/xi_edital_de_incentivo_a%CC%80s_artes_2016_-_fotografia.pdf","http://mapa.cultura.ce.gov.br/files/project/338/resultado-final-edital-incentivo-as-artes-fotografia-04-04-2018.pdf"
"2017-01-28","2017,Editais,Incentivo às Artes","Prêmio Alberto Nepomuceno de Composição Musical 2016","http://editais.cultura.ce.gov.br/wp-content/uploads/sites/18/2018/07/Edital-Alberto-Nepomuceno-sem-marca.jpg","O Secretário da Cultura do Estado do Ceará, no uso de suas atribuições legais, e considerando a Lei nº 16.026, de 01 de junho de 2016, que institui o Plano Estadual da Cultura; a Lei Estadual nº 13.811, de 16 de agosto de 2006, que Institui o Sistema Estadual de Cultura (SIEC), bem como seu Decreto nº 28.442, de 30 de outubro de 2006; a Lei Estadual nº 16.084, 27 de julho de 2016, que dispõe sobre as Diretrizes para a elaboração e execução da Lei Orçamentária para o exercício de 2017 ; a Lei Complementar nº 119, de 28 de dezembro de 2012, sobre regras para a transferência de recursos financeiros pelos órgãos e entidades do poder executivo estadual por meio de convênios e instrumentos congêneres, bem como seus decretos regulamentadores; a Lei Federal nº 8.666, de 21 de junho de 2003, que regulamenta o art. 37, inciso XXI, da Constituição Federal, institui normas para licitações e contratos da Administração Pública e dá outras providências, no que couber; bem como as demais legislações aplicadas à matéria, torna público o Edital que regulamenta o processo de inscrição e seleção pública para o Prêmio Alberto Nepomuceno de  Composição  Musical  2016.","http://mapa.cultura.ce.gov.br/files/project/342/pre%CC%82mio_alberto_nepomuceno_de_composic%CC%A7a%CC%83o_musical_2016.pdf","http://mapa.cultura.ce.gov.br/files/project/342/resultado-final-premio-alberto-nepomuceno-de-composicao-musical-04-04-2018.pdf"
"2016-11-18","2016,Cultura Infância,Editais","Edital Cultura Infância 2016","http://editais.cultura.ce.gov.br/wp-content/uploads/sites/18/2018/07/Edital-cultura-infancia-sem-marca.jpg","A Secretária da Cultura do Estado do Ceará, no uso de suas atribuições legais, e considerando a Lei Estadual Nº 13.811, de 16 de Agosto de 2006 que Insĕtui o Sistema Estadual de Cultura (SIEC), a Lei Estadual nº 15.839, de 27 de julho de 2015 que dispõe sobre as Diretrizes Orçamentárias para o exercício de 2016, o disposto na Lei Complementar nº 119, de 28 de dezembro de 2012, sobre regras para a transferência de recursos financeiros pelos órgãos e enĕdades do poder execuĕvo estadual por meio de convênios e instrumentos congêneres, bem como seus decretos regulamentadores; a Lei Federal nº 13.019, de 31 de julho de 2014, com suas alterações, Lei do Marco Regulatório das Organizações da Sociedade Civil (MROSC), que estabelece o regime jurídico das parcerias entre a administração pública e as organizações da sociedade civil, em regime de mútua cooperação, para a consecução de finalidades de interesse público e recíproco, mediante a execução de aĕvidades ou de projetos previamente estabelecidos em planos de trabalho inseridos em termos de colaboração, em termos de fomento ou em acordos de cooperação; define diretrizes para a políĕca de fomento, de colaboração e de cooperação com organizações da sociedade civil e, no que couber, as demais legislações aplicadas à matéria, torna público o edital que regulamenta o processo de inscrição e seleção pública  de  PROJETOS  DE  CULTURA  INFÂNCIA.
				
					Oficina Tira-Duvidas Presencial
				
					Oficina Tira-Duvidas – Online","http://mapa.cultura.ce.gov.br/files/project/186/edital_cultura_infancia_2016.pdf","http://mapa.cultura.ce.gov.br/files/project/186/infancia-final.pdf"
"2017-01-28","2017,Editais,Incentivo às Artes","XI Edital de Incentivo às Artes 2016 – Música","http://editais.cultura.ce.gov.br/wp-content/uploads/sites/18/2018/07/incentivo-as-artes-musica-sem-marca.jpg","A Secretária da Cultura do Estado do Ceará, no uso de suas atribuições legais, e considerando a Lei nº 16.026 de 01 de junho de 2016, que institui o Plano Estadual da Cultura,  bem  como  as  normas  e  princípios   alicerçados  na  Constituição  Federal  de  1988; a Lei Estadual Nº 13.811, de 16 de Agosto de 2006 que Institui o Sistema Estadual de Cultura (SIEC); Lei nº 16.084, 27 de julho de 2016, que dispõe sobre as Diretrizes para a elaboração e execução da Lei Orçamentária para o exercício de 2017; o disposto na Lei Complementar nº 119, de 28 de dezembro de 2012, sobre regras para a transferência de recursos financeiros pelos órgãos e entidades do poder executivo estadual por meio de convênios e instrumentos congêneres, bem como seus decretos regulamentadores; a Lei Federal nº 13.019, de 31 de julho de 2014, com suas alterações, Lei do Marco Regulatório das Organizações da Sociedade Civil (MROSC), que estabelece o regime jurídico das parcerias entre a administração pública e as organizações da sociedade civil, em regime de mútua cooperação, para a consecução de finalidades de interesse público e recíproco e, no que couber, às demais legislações aplicadas à matéria, torna público o Edital que regulamenta o processo de inscrição e seleção pública para o XI Edital de Incentivo  às  Artes  2016 – Música.","http://mapa.cultura.ce.gov.br/files/project/337/xi_edital_de_incentivo_a%CC%80s_artes_2016_-_mu%CC%81sica.pdf","http://mapa.cultura.ce.gov.br/files/project/337/resultado-final-edital-incentivo-as-artes-musica-10-04-2018.pdf"
"2016-12-22","2016,Editais,Mecenas","IX Edital Mecenas do Ceará","http://editais.cultura.ce.gov.br/wp-content/uploads/sites/18/2018/07/IX-edital-mecenas-sem-marca.jpg","O Secretário da Cultura do Estado do Ceará, no uso de suas atribuições legais, e considerando a Lei Estadual Nº 13.811, de 16 de agosto de 2006, que institui o Sistema Estadual de Cultura (SIEC); o Decreto Estadual Nº 28.442, de 30 de outubro de 2006; Lei nº 16.084, 27 de julho de 2016, que dispõe sobre as Diretrizes para a elaboração e execução da Lei Orçamentária para o exercício de 2017; Decreto Estadual nº 31.871, de 30 de dezembro de 2015; Instrução Normativa nº 01, de 29 de junho de 2016; Lei nº 16.026, de 1º de junho de 2016, que institui o Plano Estadual da Cultura (PEC); subsidiariamente Lei nº 8.666, de 21 de junho de 1993; Lei nº 13.146, de 06 de julho de 2015 e, no que couber, às demais legislações aplicadas à matéria, torna público o IX EDITAL MECENAS DO CEARÁ, que regulamenta o processo de inscrição e seleção pública de projetos de várias áreas culturais que visem  a  captação  de  recursos  através  do  Mecenato  Estadual.
				
					Oficina Tira-Duvidas – Presencial
				
					Oficina Tira-Duvidas – Online","http://mapa.cultura.ce.gov.br/files/project/215/ix_edital_mecenas.pdf","http://mapa.cultura.ce.gov.br/files/project/215/resultado-final-edital-mecenas-2017.pdf"
"2016-10-18","2016,Editais,Sobrado Dr. José Lourenço","Edital Sobrado Dr. José Lourenço 2016","http://editais.cultura.ce.gov.br/wp-content/uploads/sites/18/2018/07/edital-sobrado-jose-lourenco-sem-marca.jpg","A Secretária da Cultura do Estado do Ceará, no uso de suas atribuições legais, considerando o disposto na Lei Federal nº 13.019, de 31 de julho de 2014, que estabelece o regime jurídico das parcerias entre a Administração Pública e as Organizações da Sociedade Civil, em regime de mútua cooperação, para a consecução de finalidades de interesse público e recíproco, na Lei Complementar Estadual nº 119, de 28 de dezembro de 2012, que dispõe sobre regras para a transferência de recursos financeiros pelos órgãos e entidades do Poder Executivo estadual por meio de convênios e instrumentos congêneres, na Lei Estadual nº 15.839, de 27 de julho de 2015, que dispõe sobre as Diretrizes Orçamentárias para o exercício de 2016, e demais legislações aplicadas à matéria, torna público o edital que regulamenta o processo de inscrição e seleção pública do EDITAL DE PROGRAMAÇÃO ARTÍSTICA E CULTURAL DO MUSEU DE ARTE SOBRADO DR. JOSÉ LOURENÇO.","https://issuu.com/secultceara/docs/cartilha-edital-sobrado-dr-jose-lou/","http://mapa.cultura.ce.gov.br/files/project/155/final-sobrado.pdf"
"2016-12-30","2016,Editais,Incentivo às Artes","XI Edital de Incentivo às Artes","http://editais.cultura.ce.gov.br/wp-content/uploads/sites/18/2019/01/xi-edital-ceara-de-incentivo-as-artes-sem-data.png.jpg","A Secretaria da Cultura do Estado do Ceará (Secult) está lançando o XI Edital Ceará de Incentivo às Artes, com formato renovado, inscrição online e ampliação de recursos, com apoio direto a projetos de artes visuais, circo, dança, fotografia, humor, literatura, música e teatro.","","http://editais.cultura.ce.gov.br/xi-edital-de-incentivo-as-artes-2016-teatro/"
"2016-10-19","2016,Cultura LGBT,Editais","Edital Cultura LGBT 2016","http://editais.cultura.ce.gov.br/wp-content/uploads/sites/18/2018/07/edital-LGBT-sem-marca.jpg","A Secretária da Cultura do Estado do Ceará, no uso de suas atribuições legais, e considerando a Lei Estadual Nº 13.811, de 16 de Agosto de 2006 que Institui o Sistema Estadual de Cultura (SIEC), a Lei Estadual nº 15.839, de 27 de julho de 2015, que dispõe sobre as Diretrizes Orçamentárias para o exercício de 2016 e o disposto na Lei Complementar nº 119, de 28 de dezembro de 2012, sobre regras para a transferência de recursos financeiros pelos órgãos e entidades do Poder Executivo estadual por meio de convênios e instrumentos congêneres e, no que couber, as demais legislações aplicadas à matéria, torna público o edital que regulamenta o processo de inscrição e seleção pública de projetos de PROMOÇÃO À MEMÓRIA E À VISIBILIDADE DAS MANIFESTAÇÕES CULTURAIS DE LÉSBICAS, GAYS, BISSEXUAIS, TRAVESTIS, TRANSEXUAIS E TRANSGÊNEROS (LGBT).","http://issuu.com/secultceara/docs/cartilha_edital_lgbt","http://mapa.cultura.ce.gov.br/files/project/149/final-lgbt.pdf"
